﻿<Node Name="Win-Info Tree Data">
  <Node Name="1" type="FileData" Title="Mobius"/>

  <Node Name="Person" department="윈정보" person="홍길동" phone="010-777-7777"/>

  <Node Name="DataList">
    <Node UID="1" Name="dsme_loc">
      <Node Name="b1234567890" value="123" date="2018-11-29"/>
      <Node Name="b82Teb463" value="234" date=""/>
      <Node Name="b82Tebb 314d" value="45" date=""/>
      <Node Name="b827eb win002" value="7894" date=""/>
      <Node Name="b82Tebwin004" value="562" date=""/>
      <Node Name="board00" value="32" date=""/>
      <Node Name="dustamt001" value="" date=""/>
      <Node Name="gasalarm001" value="" date=""/>
      <Node Name="gasline005" value="" date=""/>
      <Node Name="machcutter" value="" date=""/>
      <Node Name="overhead003" value="" date=""/>
      <Node Name="vsensor0040" value="" date=""/>
      <Node Name="weldfcaw001" value="" date=""/>
			<Node Name="weldsaw001" value="" date=""/>
      <Node Name="weldtig00" value="" date=""/>
		</Node>
    <Node UID="2" Name="engine1">
			<Node Name="rpm" value="" date=""/>
			<Node Name="rpm2" value="" date=""/>
			<Node Name="speed" value="" date=""/>
			<Node Name="torque" value="" date=""/>
		</Node>
    <Node UID="3" Name="engine2">
			<Node Name="rpm" value="" date=""/>
			<Node Name="rpm2" value="" date=""/>
			<Node Name="speed" value="" date=""/>
			<Node Name="torque" value="" date=""/>
		</Node>
    <Node UID="4" Name="engine3">
			<Node Name="rpm" value="" date=""/>
			<Node Name="rpm2" value="" date=""/>
			<Node Name="speed" value="" date=""/>
			<Node Name="torque" value="" date=""/>
		</Node>
    <Node UID="5" Name="engine4">
			<Node Name="rpm" value="" date=""/>
			<Node Name="rpm2" value="" date=""/>
			<Node Name="speed" value="" date=""/>
			<Node Name="torque" value="" date=""/>
		</Node>
    <Node UID="6" Name="engine5">
			<Node Name="rpm" value="" date=""/>
			<Node Name="rpm2" value="" date=""/>
			<Node Name="speed" value="" date=""/>
			<Node Name="torque" value="" date=""/>
		</Node>
    <Node UID="7" Name="inside">
			<Node Name="radar_device2" value="" date=""/>
			<Node Name="radar_device3" value="" date=""/>
			<Node Name="radar_device4" value="" date=""/>
			<Node Name="radar_device5" value="" date=""/>
			<Node Name="radar_device6" value="" date=""/>
			<Node Name="radar_device7" value="" date=""/>
			<Node Name="radar_device8" value="" date=""/>
			<Node Name="radar_device9" value="" date=""/>
			<Node Name="radar_device10" value="" date=""/>
		</Node>
    <Node UID="8" Name="outside">
			<Node Name="baecon1" value="" date=""/>
			<Node Name="baecon2" value="" date=""/>
			<Node Name="baecon3" value="" date=""/>
			<Node Name="baecon4" value="" date=""/>
			<Node Name="baecon5" value="" date=""/>
			<Node Name="baecon6" value="" date=""/>
			<Node Name="baecon7" value="" date=""/>
			<Node Name="baecon8" value="" date=""/>
			<Node Name="baecon9" value="" date=""/>
			<Node Name="baecon10" value="" date=""/>
		</Node>
    <Node UID="9" Name="toz">
			<Node Name="Test Data">
				<Node Name="pin1" value="36.3633, 127.3353" date="2018-10-16 07:07:49"/>
				<Node Name="pin2" value="36.3634, 127.3353" date="2018-10-16 07:08:00"/>
			</Node>
		</Node>
	</Node>

</Node>