<?xml version="1.0"?>
<MarinWiz name="marinewiz" value="200">
	<Information name="gksdorkdlTdjdy" DataType="FileData" Title="Mobius"/>

	<POC name="se" department="윈정보" person="홍길동" phone="010-777-7777"/>

	<Architectures>
		<Architecture UID="1" name="dsme_loc">
			<AE_Data name="b1234567890" value="1099" date=""/>
			<AE_Data name="b82Teb463" value="4561" date=""/>
			<AE_Data name="b82Tebb 314d" value="43512" date=""/>
			<AE_Data name="b827eb win002" value="1546" date=""/>
			<AE_Data name="b82Tebwin004" value="1615" date=""/>
			<Node name="board00" value="415" date="" />
			<AE_Data name="dustamt001" value="" date=""/>
			<AE_Data name="gasalarm001" value="" date=""/>
			<AE_Data name="gasline005" value="" date=""/>
			<AE_Data name="machcutter" value="" date=""/>
			<AE_Data name="overhead003" value="" date=""/>
			<AE_Data name="vsensor0040" value="" date=""/>
			<AE_Data name="weldfcaw001" value="" date=""/>
			<AE_Data name="weldsaw001" value="" date=""/>
			<AE_Data name="weldtig00" value="" date=""/>
		</Architecture>
		<Architecture UID="2" name="engine1">
			<AE_Data name="rpm" value="" date=""/>
			<AE_Data name="rpm2" value="" date=""/>
			<AE_Data name="speed" value="" date=""/>
			<AE_Data name="torque" value="" date=""/>
		</Architecture>
		<Architecture UID="3" name="engine2">
			<AE_Data name="rpm" value="" date=""/>
			<AE_Data name="rpm2" value="" date=""/>
			<AE_Data name="speed" value="" date=""/>
			<AE_Data name="torque" value="" date=""/>
		</Architecture>
		<Architecture UID="4" name="engine3">
			<AE_Data name="rpm" value="" date=""/>
			<AE_Data name="rpm2" value="" date=""/>
			<AE_Data name="speed" value="" date=""/>
			<AE_Data name="torque" value="" date=""/>
		</Architecture>
		<Architecture UID="5" name="engine4">
			<AE_Data name="rpm" value="" date=""/>
			<AE_Data name="rpm2" value="" date=""/>
			<AE_Data name="speed" value="" date=""/>
			<AE_Data name="torque" value="" date=""/>
		</Architecture>
		<Architecture UID="6" name="engine5">
			<AE_Data name="rpm" value="" date=""/>
			<AE_Data name="rpm2" value="" date=""/>
			<AE_Data name="speed" value="" date=""/>
			<AE_Data name="torque" value="" date=""/>
		</Architecture>
		<Architecture UID="7" name="inside">
			<AE_Data name="radar_device2" value="" date=""/>
			<AE_Data name="radar_device3" value="" date=""/>
			<AE_Data name="radar_device4" value="" date=""/>
			<AE_Data name="radar_device5" value="" date=""/>
			<AE_Data name="radar_device6" value="" date=""/>
			<AE_Data name="radar_device7" value="" date=""/>
			<AE_Data name="radar_device8" value="" date=""/>
			<AE_Data name="radar_device9" value="" date=""/>
			<AE_Data name="radar_device10" value="" date=""/>
		</Architecture>
		<Architecture UID="8" name="outside">
			<AE_Data name="baecon1" value="" date=""/>
			<AE_Data name="baecon2" value="" date=""/>
			<AE_Data name="baecon3" value="" date=""/>
			<AE_Data name="baecon4" value="" date=""/>
			<AE_Data name="baecon5" value="" date=""/>
			<AE_Data name="baecon6" value="" date=""/>
			<AE_Data name="baecon7" value="" date=""/>
			<AE_Data name="baecon8" value="" date=""/>
			<AE_Data name="baecon9" value="" date=""/>
			<AE_Data name="baecon10" value="" date=""/>
		</Architecture>
		<Architecture UID="9" name="toz">
			<AE_Datas>
				<AE_Data name="pin1" value="36.3633, 127.3353" date="2018-10-16 07:07:49"/>
				<AE_Data name="pin2" value="36.3634, 127.3353" date="2018-10-16 07:08:00"/>
			</AE_Datas>
		</Architecture>
	</Architectures>

</MarinWiz>